refdes,pin,net,kind,note
U1,1,,,spare/NC — PG6 free GPIO (per PINOUT)
U1,2,,,spare/NC — PG7 free GPIO
U1,3,I2C1_SCL,,PG8 TWI1-SCK joins the shared i2c1 bus + pull-up
U1,4,I2C1_SDA,,PG9 TWI1-SDA joins the shared i2c1 bus + pull-up
U1,5,,,spare/NC — PG10 free GPIO
U1,6,I2S1_MCLK,,PG11 I2S1-MCLK; per task guidance kept as I2S1_MCLK though MAX98357A/PCM5102A need no MCLK — effectively single-pin/static; confirm route vs static GPIO
U1,7,SD_D1,,PF0 MMC0-D1
U1,8,SD_D0,,PF1 MMC0-D0
U1,9,SD_CLK,,PF2 MMC0-CLK
U1,10,SD_CMD,,PF3 MMC0-CMD
U1,11,SD_D3,,PF4 MMC0-D3
U1,12,SD_D2,,PF5 MMC0-D2
U1,13,,,spare/NC — PF6 free GPIO
U1,14,NOR_IO3,,PC7 SPI0-HOLD/IO3 → W25Q128 U3
U1,15,NOR_IO2,,PC6 SPI0-WP/IO2 → W25Q128 U3
U1,16,NOR_IO1,,PC5 SPI0-MISO/IO1 → W25Q128 U3; also BOOT-SEL1 strap at reset
U1,17,NOR_IO0,,PC4 SPI0-MOSI/IO0 → W25Q128 U3; also BOOT-SEL0 strap at reset
U1,18,NOR_CS,,PC3 SPI0-CS0 → W25Q128 U3
U1,19,NOR_CLK,,PC2 SPI0-CLK → W25Q128 U3
U1,20,LDOA,pwr,VCC-PLL is 1.8V (datasheet Table 5-2: 1.62/1.8/1.98) — dictionary's +3V3 would overvoltage; fed from internal LDOA 1.8V rail. VERIFY vs t113-breakout
U1,21,,,spare/NC — REFCLK-OUT (WiFi clock fanout; no WiFi)
U1,22,HOSC_OUT,,DXOUT → 24MHz crystal X1 + load cap C4
U1,23,HOSC_IN,,DXIN → 24MHz crystal X1 + load cap C3
U1,24,RTC_OUT,,X32KOUT → 32.768kHz crystal X2 + load cap C6
U1,25,RTC_IN,,X32KIN → 32.768kHz crystal X2 + load cap C5
U1,26,LDOA,pwr,VCC-RTC 1.8V INPUT merged onto LDOA 1.8V rail (FIX: was floating VCC_RTC island -> RTC unpowered + RESET pull-up on dead rail). Matches breakout.
U1,27,RESET,,RESET (low-active) → reset btn R22? + 100nF + 10K pull-up to VCC_RTC(1.8V)
U1,28,LDOA,pwr,LDOA-OUT internal 1.8V regulator output (1.764/1.8/1.836) + bypass cap→GND; source of the 1.8V rail feeding VCC-PLL/VCC-LVDS/VDD18-DRAM/VCC-TVIN. VERIFY vs t113-breakout
U1,29,+3V3,pwr,"LDO-IN internal LDOA/B input, 2.4/3.3/3.6V → 3.3V rail"
U1,30,LDOB,pwr,LDOB-OUT internal regulator output (default 1.35V; firmware sets 1.5V for DDR3) + bypass cap→GND; feeds VCC-DRAM0/1. VERIFY vs t113-breakout
U1,31,SPK_SD,,PE13 → MAX98357A SD/MODE (shares mono-strap net)
U1,32,JACK_DET,,PE12 → headphone jack detect switch
U1,33,UART0_RX,,PE3 UART0-RX (console)
U1,34,+3V3,pwr,"VCC-PE — PE-bank I/O supply, 3.3V"
U1,35,UART0_TX,,PE2 UART0-TX (console)
U1,36,PSHOLD,,PE11 → STM6601 PSHOLD (gpio-poweroff handshake)
U1,37,PWR_BTN_3V3,,[AUDIT] PE10 <- STM6601 /PB_OUT via #117 pull-up (was raw PWR_BTN idling ~SYS on a 3.3V pin)
U1,38,TOUCH_RST,,PE9 → touch FFC → FT7311 reset
U1,39,TOUCH_INT,,PE8 → touch FFC → FT7311 INT
U1,40,EXP_INT,,PE7 → PCA9555 INT + pull-up
U1,41,BL_CTRL,,PE6 → TPS61165 backlight control (PWM/EasyScale)
U1,42,I2C2_SDA,,PE5 TWI2-SDA joins dedicated i2c2 (IMU) bus
U1,43,I2C2_SCL,,PE4 TWI2-SCK joins dedicated i2c2 (IMU) bus
U1,44,IMU_INT1,,"PE0 → LSM6DSOX INT1 (+ 10K pulldown, also sets I2C-not-I3C at POR)"
U1,45,IMU_INT2,,PE1 → LSM6DSOX INT2
U1,46,+0V9,pwr,"VDD-SYS0 = 0.9V (datasheet: 0.85/0.95/0.99, shares CPU/core rail) — dictionary default +3V3 overridden. VERIFY vs t113-breakout + FP6161 budget (VDD-CPU+VDD-SYS ≤800mA)"
U1,47,DDR_ZQ,,DZQ DRAM ZQ-cal → 240Ω R5 → GND (section-local net)
U1,48,LDOB,pwr,"VCC-DRAM0 = 1.5V DDR3 supply (datasheet 1.425/1.5/1.575), fed from LDOB. VERIFY vs t113-breakout SiP DDR"
U1,49,LDOB,pwr,"VCC-DRAM1 = 1.5V DDR3 supply, fed from LDOB. VERIFY vs t113-breakout SiP DDR"
U1,50,LDOA,pwr,"VDD18-DRAM = 1.8V DRAM-controller supply (datasheet 1.62/1.8/1.98), fed from LDOA rail. VERIFY vs t113-breakout"
U1,51,+0V9,pwr,VDD-SYS1 = 0.9V core/system rail (see pin 46). VERIFY vs t113-breakout
U1,52,PANEL_DISP,,PD22 → display FPC DISP + 10K pull-up
U1,53,RGB_VSYNC,,PD21 LCD0-VSYNC → panel
U1,54,RGB_HSYNC,,PD20 LCD0-HSYNC → panel
U1,55,RGB_B2,,PD0 LCD0-D2 (ch-A LSB); R/G/B channel identity is convention-only — VERIFY panel map
U1,56,RGB_B3,,PD1 LCD0-D3
U1,57,RGB_B4,,PD2 LCD0-D4
U1,58,RGB_B5,,PD3 LCD0-D5
U1,59,RGB_B6,,PD4 LCD0-D6
U1,60,RGB_B7,,PD5 LCD0-D7 (ch-A MSB)
U1,61,RGB_G2,,PD6 LCD0-D10 (ch-B LSB)
U1,62,RGB_G3,,PD7 LCD0-D11
U1,63,RGB_G4,,PD8 LCD0-D12
U1,64,RGB_G5,,PD9 LCD0-D13
U1,65,LDOA,pwr,VCC-LVDS is 1.8V (datasheet 1.62/1.8/1.98) — dictionary's +3V3 would overvoltage; fed from internal LDOA 1.8V rail. VERIFY vs t113-breakout
U1,66,+3V3,pwr,"VCC-PD — PD-bank I/O supply, 3.3V"
U1,67,RGB_G6,,PD10 LCD0-D14
U1,68,RGB_G7,,PD11 LCD0-D15 (ch-B MSB)
U1,69,RGB_R3,,PD13 LCD0-D19
U1,70,RGB_R2,,PD12 LCD0-D18 (ch-C LSB)
U1,71,RGB_R4,,PD14 LCD0-D20
U1,72,RGB_R5,,PD15 LCD0-D21
U1,73,RGB_R6,,PD16 LCD0-D22
U1,74,RGB_R7,,PD17 LCD0-D23 (ch-C MSB)
U1,75,RGB_DCLK,,PD18 LCD0-CLK → panel (DNP 0Ω series-R option)
U1,76,RGB_DE,,PD19 LCD0-DE → panel
U1,77,+3V3,pwr,VCC-TVOUT = 3.3V (datasheet typ 3.3); TVOUT block unused but supply kept at 3.3V
U1,78,,,spare/NC — TVOUT0 CVBS output unused
U1,79,,,spare/NC — PB7 free GPIO
U1,80,BT_EN_RST,,PB6 → BT830 VREG_EN_RST# (boot low >5ms then high)
U1,81,+0V9,pwr,VDD-SYS2 = 0.9V core/system rail (see pin 46). VERIFY vs t113-breakout
U1,82,GAUGE_ALRT,,PB5 → MAX17048 ALRT (needs pull-up)
U1,83,+3V3,pwr,VCC-IO = 3.3V digital I/O supply
U1,84,CHG_PGOOD,,PB4 → BQ24074 PGOOD + pull-up (open-drain in)
U1,85,DAC_XSMT,,PB3 → PCM5102A XSMT (soft-mute)
U1,86,HP_EN,,PB2 → TPA6132A2 EN (+ pull-down)
U1,87,,,spare/NC — MICIN3P (internal codec mic-in unused)
U1,88,,,spare/NC — MICIN3N unused
U1,89,AVCC,pwr,"AVCC 1.8V (datasheet 1.782/1.8/1.818) — dictionary's +3V3 wrong. Datasheet §2.8: 'internal ALDO output for AVCC' → own node with bypass cap→GND (do NOT tie to external 3.3V). GPADC0 uses AVCC as reference. If breakout instead feeds it from the LDOA rail, merge with LDOA. VERIFY vs t113-breakout"
U1,90,VRA2,pwr,VRA2 — codec analog reference — 100nF→GND per PINOUT open-item; internal codec unused (section-local net). Confirm bypass cap exists
U1,91,GND,gnd,AGND — ground family
U1,92,VRA1,pwr,VRA1 — codec analog reference — 100nF→GND per PINOUT open-item; internal codec unused (section-local net). Confirm bypass cap exists
U1,93,,,spare/NC — FMINR FM-in unused
U1,94,,,spare/NC — FMINL FM-in unused
U1,95,,,spare/NC — LINEINR line-in unused
U1,96,,,spare/NC — LINEINL line-in unused
U1,97,HPVCC,pwr,"HPVCC 1.8V (datasheet 1.764/1.8/1.836). Datasheet §2.8: 'internal HPLDO output for HPVCC' → own node with bypass cap→GND. Internal codec HP out unused (external PCM5102A/TPA6132 used instead). If breakout feeds it from LDOA rail, merge with LDOA. VERIFY vs t113-breakout"
U1,98,,,spare/NC — HPOUTR internal codec HP out unused
U1,99,,,spare/NC — HPOUTL unused
U1,100,,,spare/NC — HPOUTFB unused
U1,101,BAT_SENSE,,GPADC0 → battery divider R75/R76 midpoint (reference = AVCC 1.8V)
U1,102,,,spare/NC — TP-X1 resistive-touch ADC unused
U1,103,,,spare/NC — TP-X2 unused
U1,104,,,spare/NC — TP-Y1 unused
U1,105,,,spare/NC — TP-Y2 unused
U1,106,,,spare/NC — NC0 no-connect
U1,107,LDOA,pwr,"VCC-TVIN is 1.8V (datasheet typ 1.8, NOT 3.3) — dictionary's +3V3 would overvoltage. TVIN block unused; supply tied to 1.8V LDOA rail. VERIFY vs t113-breakout (or leave unpowered if TVIN fully disabled)"
U1,108,,,spare/NC — TVIN0 CVBS-in unused
U1,109,,,spare/NC — TVIN1 CVBS-in unused
U1,110,,,spare/NC — TVIN-VRP unused
U1,111,,,spare/NC — TVIN-VRN unused
U1,112,,,spare/NC — USB1-DP (USB host unused)
U1,113,,,spare/NC — USB1-DM unused
U1,114,USB_DM,,USB0-DM → USB-C D- via ESD D4 (90Ω diff)
U1,115,USB_DP,,USB0-DP → USB-C D+ via ESD D4 (90Ω diff)
U1,116,+0V9,pwr,VDD-CORE0 core supply (datasheet 0.85/0.95/0.99; FP6161 core buck rail)
U1,117,+0V9,pwr,VDD-CORE1 core supply (FP6161 core buck rail)
U1,118,UART3_RX,,PG1 UART3-RX (HCI) → lands on BT830 UART_TX
U1,119,UART3_RTS,,PG2 UART3-RTS (HCI) → BT830 flow-control
U1,120,UART3_TX,,PG0 UART3-TX (HCI) → lands on BT830 UART_RX
U1,121,UART3_CTS,,PG3 UART3-CTS (HCI) → BT830 flow-control
U1,122,,,spare/NC — PG5 free GPIO
U1,123,,,spare/NC — PG4 free GPIO
U1,124,I2S1_LRCK,,PG12 I2S1-LRCK → MAX98357A + PCM5102A
U1,125,I2S1_BCLK,,PG13 I2S1-BCLK → MAX98357A + PCM5102A
U1,126,I2S1_DIN,,PG14 I2S1-DIN0; per task guidance kept as I2S1_DIN though nothing drives T113 I2S RX — effectively single-pin/static; confirm route vs static GPIO
U1,127,I2S1_DOUT,,PG15 I2S1-DOUT0 → MAX98357A DIN + PCM5102A DIN (via series-R)
U1,128,+3V3,pwr,"VCC-PG — PG-bank I/O supply, 3.3V"
U1,129,GND,gnd,EPAD — ground family
USBC1,1,GND,gnd,EH shield/retention post -> GND (BOM #2: shell+mid-plate+4 posts direct short to GND)
USBC1,2,GND,gnd,EH shield/retention post -> GND
USBC1,3,GND,gnd,EH shield/retention post -> GND
USBC1,4,GND,gnd,EH shield/retention post -> GND
USBC1,A1B12,GND,gnd,GND — ground family
USBC1,A4B9,+5V,pwr,VBUS — rail: USB-C 5V input
USBC1,A5,USBC_CC1,,CC1 -> CH224K (U11) only; no external 5.1k pulldowns
USBC1,A6,USB_DP,,DP1; USB2-only reversible -> DP1=DP2 board-shorted; path via ESD D4 to T113 USB0-DP
USBC1,A7,USB_DM,,DN1; DN1=DN2 board-shorted; path via ESD D4 to T113 USB0-DM
USBC1,A8,,,spare/NC — SBU1 unused (no alt-mode / analog-audio adapter)
USBC1,B1A12,GND,gnd,GND — ground family
USBC1,B4A9,+5V,pwr,VBUS — rail: USB-C 5V input
USBC1,B5,USBC_CC2,,CC2 -> CH224K (U11)
USBC1,B6,USB_DP,,DP2 shorted to DP1 (reversible USB2)
USBC1,B7,USB_DM,,DN2 shorted to DN1
USBC1,B8,,,spare/NC — SBU2 unused
U2,1,CORE_RUN,,FP6161 RUN; node = R4(from PWR_EN) + C2(->GND); ~10ms delay after VCC-IO
U2,2,GND,gnd,GND — ground family
U2,3,CORE_SW,,SW — switch node -> L1
U2,4,SYS,pwr,VIN — rail: #3 input=SYS
U2,5,CORE_FB,,"FB/VOUT — FB sense (ADJ 0.6V); divider R3(top)/R2(bot), C1 feed-forward"
L1,1,CORE_SW,,core-buck switch node (U2 pin3)
L1,2,+0V9,pwr,core buck output rail
R2,1,CORE_FB,,FB R_bot 150k (FB -> GND)
R2,2,GND,gnd,
R3,1,+0V9,pwr,FB R_top 75k (VOUT/+0V9 -> FB)
R3,2,CORE_FB,,
C1,1,+0V9,pwr,"10pF feed-forward across R3 (+0V9 <-> FB), loop stability"
C1,2,CORE_FB,,
R4,1,PWR_EN,,"100k; from STM6601 EN net (cross-chip, not in dict — must match U17.9 EN / U12.12 EN)"
R4,2,CORE_RUN,,RC to FP6161 RUN
C2,1,CORE_RUN,,100nF RUN delay cap
C2,2,GND,gnd,
R5,1,DDR_ZQ,,"240R ZQ-cal; to T113 DZQ (U1 pin47) — cross-chip, U1 side must use DDR_ZQ"
R5,2,GND,gnd,
U3,1,NOR_CS,,~{CS} — W25Q128 /CS -> SPI0-CS0 (PC3)
U3,2,NOR_IO1,,DO/MISO -> PC5 (also BOOT-SEL1 strap)
U3,3,NOR_IO2,,/WP(IO2) -> PC6
U3,4,GND,gnd,GND — ground family
U3,5,NOR_IO0,,DI/MOSI -> PC4 (also BOOT-SEL0 strap)
U3,6,NOR_CLK,,CLK -> PC2
U3,7,NOR_IO3,,/HOLD(IO3) -> PC7
U3,8,+3V3,pwr,VCC — rail: SPI-NOR 3.3V logic
U4,1,SD_D2,,microSD DAT2 -> PF5
U4,2,SD_D3,,CD/DAT3 used as DAT3 in 4-bit mode -> PF4
U4,3,SD_CMD,,CMD -> PF3
U4,4,+3V3,pwr,VDD — rail: microSD 3.3V
U4,5,SD_CLK,,CLK -> PF2
U4,6,GND,gnd,VSS — ground family
U4,7,SD_D0,,DAT0 -> PF1
U4,8,SD_D1,,DAT1 -> PF0
U4,9,SD_CD,,"CARD_DETECT — mechanical card-detect switch (closes to pin10/GND on insert). NO pull-up allocated & no explicit T113 GPIO in PINOUT — verify (spare GPIO+pull-up, or broken-cd/non-removable)"
U4,10,GND,gnd,GROUND — socket shell/mechanical ground; CD switch return
D1,1,SD_CLK,,SP3004 ch I/O1 shunt-clamp on SD_CLK
D1,2,GND,gnd,GND — ground family
D1,3,SD_CMD,,I/O2 clamp on SD_CMD
D1,4,SD_D0,,I/O3 clamp on SD_D0
D1,5,+3V3,pwr,VCC — rail: SD-line ESD clamp ref = 3.3V
D1,6,SD_D1,,I/O4 clamp on SD_D1
D2,1,SD_D2,,SP3004 ch I/O1 clamp on SD_D2
D2,2,GND,gnd,GND — ground family
D2,3,SD_D3,,I/O2 clamp on SD_D3
D2,4,,,I/O3 — spare/NC — unused ESD channel (6 SD lines fill 4+2; CD not protected per BOM #13)
D2,5,+3V3,pwr,VCC — rail: SD-line ESD clamp ref = 3.3V
D2,6,,,I/O4 — spare/NC — unused ESD channel
R6,1,SD_CMD,,10k SD pull-up (bank pairing arbitrary)
R6,2,+3V3,pwr,
R7,1,SD_D0,,10k SD pull-up
R7,2,+3V3,pwr,
R8,1,SD_D1,,10k SD pull-up
R8,2,+3V3,pwr,
R9,1,SD_D2,,10k SD pull-up
R9,2,+3V3,pwr,
R10,1,SD_D3,,10k SD pull-up
R10,2,+3V3,pwr,
R11,1,RESET,,10k RESET pull-up
R11,2,LDOA,pwr,RESET pull-up to 1.8V rail LDOA (FIX: was VCC_RTC island)
X1,1,HOSC_IN,,"24MHz xtal OSC1 -> T113 DXIN (pin23); crystal symmetric, polarity must match U1"
X1,2,GND,gnd,GND — ground family
X1,3,HOSC_OUT,,OSC2 -> T113 DXOUT (pin22)
X1,4,GND,gnd,GND — ground family
X2,1,RTC_IN,,32.768kHz OSC -> T113 X32KIN (pin25); polarity symmetric
X2,2,RTC_OUT,,-> T113 X32KOUT (pin24)
C3,1,HOSC_IN,,22pF HOSC load cap
C3,2,GND,gnd,
C4,1,HOSC_OUT,,22pF HOSC load cap
C4,2,GND,gnd,
C5,1,RTC_IN,,18pF RTC load cap
C5,2,GND,gnd,
C6,1,RTC_OUT,,18pF RTC load cap
C6,2,GND,gnd,
C7,1,+3V3,pwr,100nF per-ball decoupling; +3V3 SoC supply balls (7 balls: 29/34/66/77/83/107/128). Cap<->ball pairing census-based
C7,2,GND,gnd,
C8,1,+3V3,pwr,100nF +3V3 ball decoupling
C8,2,GND,gnd,
C9,1,+3V3,pwr,100nF +3V3 ball decoupling
C9,2,GND,gnd,
C10,1,+3V3,pwr,100nF +3V3 ball decoupling
C10,2,GND,gnd,
C11,1,+3V3,pwr,100nF +3V3 ball decoupling
C11,2,GND,gnd,
C12,1,+3V3,pwr,100nF +3V3 ball decoupling
C12,2,GND,gnd,
C13,1,+3V3,pwr,100nF +3V3 ball decoupling
C13,2,GND,gnd,
C14,1,+0V9,pwr,100nF core-rail decoupling (+0V9 balls 46/51/81/116/117)
C14,2,GND,gnd,
C15,1,+0V9,pwr,100nF +0V9 ball decoupling
C15,2,GND,gnd,
C16,1,+0V9,pwr,100nF +0V9 ball decoupling
C16,2,GND,gnd,
C17,1,+0V9,pwr,100nF +0V9 ball decoupling
C17,2,GND,gnd,
C18,1,+0V9,pwr,100nF +0V9 ball decoupling
C18,2,GND,gnd,
C19,1,AVCC,pwr,100nF bypass AVCC internal ALDO (GPADC0 ref) -> GND (reassigned from LDOA; +1uF bulk recommended)
C19,2,GND,gnd,
C20,1,HPVCC,pwr,100nF bypass HPVCC internal HPLDO -> GND (reassigned from LDOA)
C20,2,GND,gnd,
C21,1,VRA1,pwr,100nF bypass codec VRA1 ref -> GND (reassigned from LDOA; PINOUT open-item 6)
C21,2,GND,gnd,
C22,1,VRA2,pwr,100nF bypass codec VRA2 ref -> GND (reassigned from LDOA; PINOUT open-item 6)
C22,2,GND,gnd,
C23,1,LDOA,pwr,100nF LDO-A bypass
C23,2,GND,gnd,
C24,1,LDOA,pwr,100nF LDO-A bypass
C24,2,GND,gnd,
C25,1,LDOA,pwr,100nF LDO-A bypass
C25,2,GND,gnd,
C26,1,LDOB,pwr,100nF internal LDO-B (1.5V DDR / VCC-DRAM) bypass (balls 30/48/49); dict: LDOB-OUT net
C26,2,GND,gnd,
C27,1,LDOB,pwr,100nF LDO-B bypass
C27,2,GND,gnd,
C28,1,LDOB,pwr,100nF LDO-B bypass
C28,2,GND,gnd,
C29,1,+3V3,pwr,100nF SPI-NOR (U3) VCC decoupling (BOM #19 'flash')
C29,2,GND,gnd,
C30,1,+3V3,pwr,100nF microSD (U4) VDD decoupling (BOM #19 'SD')
C30,2,GND,gnd,
C31,1,RESET,,100nF RESET debounce cap -> GND (BOM #22 'RESET + 100nF')
C31,2,GND,gnd,
C32,1,+5V,pwr,10uF bulk on 5V VBUS (BOM #20 Rev-A brownout fix)
C32,2,GND,gnd,
C33,1,SYS,pwr,10uF bulk on SYS rail (BOM #20 Rev-A brownout fix)
C33,2,GND,gnd,
C34,1,+0V9,pwr,10uF FP6161 core-buck (#3) output bulk (BOM #20)
C34,2,GND,gnd,
C35,1,+3V3,pwr,10uF general bulk on +3V3
C35,2,GND,gnd,
C36,1,+3V3,pwr,10uF general bulk on +3V3
C36,2,GND,gnd,
C37,1,+3V3,pwr,10uF general bulk on +3V3
C37,2,GND,gnd,
C38,1,+3V3,pwr,10uF general bulk on +3V3
C38,2,GND,gnd,
C39,1,+3V3,pwr,10uF general bulk on +3V3
C39,2,GND,gnd,
C40,1,+3V3,pwr,10uF general bulk on +3V3
C40,2,GND,gnd,
C41,1,+3V3,pwr,4.7uF general bulk on +3V3 (BOM #21)
C41,2,GND,gnd,
C42,1,+3V3,pwr,4.7uF general bulk on +3V3
C42,2,GND,gnd,
C43,1,+3V3,pwr,4.7uF general bulk on +3V3
C43,2,GND,gnd,
C44,1,+3V3,pwr,4.7uF general bulk on +3V3
C44,2,GND,gnd,
SW1,1,RESET,,"[AUDIT/DS C318884] TS-1187A: {1,2}=A,B internally common = signal terminal"
SW1,2,RESET,,[AUDIT/DS] pad2(B) common with pad1(A) = signal (FIX: was GND -> was shorting signal to GND)
SW1,3,GND,gnd,[AUDIT/DS] pad3(C) common with pad4(D) = GND terminal (FIX: was signal)
SW1,4,GND,gnd,"[AUDIT/DS] {3,4}=C,D internally common = GND terminal"
U5,1,GND,gnd,power LED cathode(-) -> GND
U5,2,PWR_LED_A,,power LED anode(+) -> R12 junction
R12,1,+3V3,pwr,510R power-LED limit off +3V3 (always-on)
R12,2,PWR_LED_A,,to LED anode
P1,1,BL_LED_N,,VLED- (LED string cathode); returns to TPS61165 U6 FB pin. Shared with U6.6.
P1,2,BL_LED_P,,VLED+ (LED string anode) = boost VOUT node (D3 cathode + C45).
P1,3,GND,gnd,panel GND
P1,4,+3V3,pwr,VDD panel logic supply
P1,5,GND,gnd,Red R0 (LSB) tied low — T113 drives only top 6 bits (RGB666). VERIFY panel bit order before copper.
P1,6,GND,gnd,Red R1 tied low — RGB666 6-MSB scheme.
P1,7,RGB_R2,,Red R2. Channel/bit order is copper-committing unknown (see PINOUT.md) — confirm vs Zettler map.
P1,8,RGB_R3,,Red R3
P1,9,RGB_R4,,Red R4
P1,10,RGB_R5,,Red R5
P1,11,RGB_R6,,Red R6
P1,12,RGB_R7,,Red R7 (MSB)
P1,13,GND,gnd,Green G0 (LSB) tied low — 6-MSB scheme.
P1,14,GND,gnd,Green G1 tied low.
P1,15,RGB_G2,,Green G2
P1,16,RGB_G3,,Green G3
P1,17,RGB_G4,,Green G4
P1,18,RGB_G5,,Green G5
P1,19,RGB_G6,,Green G6
P1,20,RGB_G7,,Green G7 (MSB)
P1,21,GND,gnd,Blue B0 (LSB) tied low — 6-MSB scheme.
P1,22,GND,gnd,Blue B1 tied low.
P1,23,RGB_B2,,Blue B2
P1,24,RGB_B3,,Blue B3
P1,25,RGB_B4,,Blue B4
P1,26,RGB_B5,,Blue B5
P1,27,RGB_B6,,Blue B6
P1,28,RGB_B7,,Blue B7 (MSB)
P1,29,GND,gnd,panel GND
P1,30,RGB_DCLK,,pixel clock (CLK)
P1,31,PANEL_DISP,,"DISP display-on; needs 10K pull-up (PINOUT.md) — pull-up R not in this subsystem, verify placed elsewhere."
P1,32,RGB_HSYNC,,HSYNC (tie low if DE-only mode)
P1,33,RGB_VSYNC,,VSYNC (tie low if DE-only mode)
P1,34,RGB_DE,,data enable
P1,35,,,spare/NC — panel pin35=NC per datasheet
P1,36,GND,gnd,panel GND
P1,37,,,spare/NC — panel pins 37-40 all NC per datasheet p.4
P1,38,,,spare/NC — panel pin38=NC
P1,39,,,spare/NC — panel pin39=NC
P1,40,,,spare/NC — panel pin40=NC
P1,41,GND,gnd,"assumed FPC shield/mechanical mount tab -> GND. VERIFY vs symbol pin order (40-pin conn, symbol shows 42)."
P1,42,GND,gnd,assumed FPC shield/mechanical mount tab -> GND. VERIFY vs symbol.
FPC1,1,+3V3,pwr,"touch VDD (FT7311, 2.8-3.3V)"
FPC1,2,GND,gnd,touch GND
FPC1,3,I2C1_SCL,,touch I2C clock -> T113 PG-bank I2C1
FPC1,4,I2C1_SDA,,touch I2C data -> I2C1
FPC1,5,TOUCH_INT,,FT7311 INT -> T113 PE8 (EINT)
FPC1,6,TOUCH_RST,,FT7311 RST -> T113 PE9
FPC1,7,GND,gnd,connector is 6-pin (HDGC 1.0K-1.5-6PWB) but symbol shows 8 pins; assumed shield/mount tab -> GND. VERIFY symbol pin order/count.
FPC1,8,GND,gnd,assumed shield/mount tab -> GND (see pin7). VERIFY symbol.
U6,1,SYS,pwr,rail: #28 VIN from SYS/5V not 3.3V (REVIEW: SYS vs +5V)
U6,2,BL_CTRL,,CTRL brightness control -> T113 PE6 (EasyScale/PWM). Cross-chip dictionary net.
U6,3,BL_SW,,SW — boost switch node: to L2 (VIN side of inductor) and D3 anode. Section-local.
U6,4,GND,gnd,GND — ground family
U6,5,BL_COMP,,COMP error-amp output -> C47 to GND. Section-local.
U6,6,BL_LED_N,,FB current-sense = LED string cathode = P1.1. Rset (5.1R) from FB to GND is MISSING as a placed part in netlist — see uncertainties.
L2,1,SYS,pwr,"boost inductor VIN side (=U6 VIN rail, SYS). Inductor non-polar; orientation arbitrary."
L2,2,BL_SW,,boost inductor SW-node side -> U6 SW + D3 anode.
D3,1,BL_LED_P,,SS16 cathode (K) = boost output / LED anode -> P1.2 + C45.
D3,2,BL_SW,,SS16 anode (A) at switch node -> U6 SW + L2.
C45,1,BL_LED_P,,"Cout boost output cap, hot side to VOUT/LED anode."
C45,2,GND,gnd,Cout return to GND.
C46,1,SYS,pwr,"Cin boost input cap, to VIN rail (SYS)."
C46,2,GND,gnd,Cin return to GND.
C47,1,BL_COMP,,"COMP compensation cap, to U6 COMP pin."
C47,2,GND,gnd,COMP cap return to GND.
U7,1,GND,gnd,SDO/SA0 strap → GND sets I2C addr 0x6A (BOM #39); must not float
U7,2,GND,gnd,"SDX — SDx: Mode-1 unused aux, hard-tie to GND per DS Table 1 (no pull-R, must not float)"
U7,3,GND,gnd,"SCX — SCx: Mode-1 unused aux, hard-tie to GND per DS Table 1 (no pull-R, must not float)"
U7,4,IMU_INT1,,INT1 → T113 PE0; R13 10k pulldown on this net guarantees I2C-not-I3C at POR (must NOT pull to VDDIO)
U7,5,+3V3,pwr,VDDIO — rail: IMU IO 3.3V (REVIEW)
U7,6,GND,gnd,GND — ground family
U7,7,GND,gnd,GND — ground family
U7,8,+3V3,pwr,VDD — rail: IMU 3.3V (REVIEW: rail not explicit)
U7,9,IMU_INT2,,"INT2 → T113 PE1 EINT (programmable, no tie)"
U7,10,,,"OCS_Aux — [AUDIT] pin-name fix (was OSC_AUX). aux SPI CS, unused -> NC/GND per BOM #35"
U7,11,,,"SDO_AUX — spare/NC: SDO_Aux, left unconnected (DS allows tie to VDDIO as alternative — either valid)"
U7,12,+3V3,pwr,CS high selects I2C mode (BOM #38); ties to VDDIO = +3V3
U7,13,I2C2_SCL,,SCL — I2C2 bus
U7,14,I2C2_SDA,,SDA — I2C2 bus
C48,1,+3V3,pwr,"100nF IMU VDD (pin8) decoupling, hot side to +3V3"
C48,2,GND,gnd,"100nF IMU VDD decoupling, return to GND"
C49,1,+3V3,pwr,"100nF IMU VDDIO (pin5) decoupling, hot side to +3V3"
C49,2,GND,gnd,"100nF IMU VDDIO decoupling, return to GND"
R13,1,IMU_INT1,,"10k INT1 pulldown, top side on INT1 net"
R13,2,GND,gnd,"10k INT1 pulldown, bottom to GND"
U8,1,HAP_REG,,REG = internal LDO output; local node to C50 1uF-to-GND (section-local net name)
U8,2,I2C1_SCL,,SCL — I2C1 bus
U8,3,I2C1_SDA,,SDA — I2C1 bus
U8,4,GND,gnd,IN/TRIG tied to GND for I2C-only internal-trigger mode (BOM #44)
U8,5,+3V3,pwr,"EN tied high per BOM #41 (always-enabled, SW standby via I2C). No dedicated MCU enable GPIO in PINOUT — VERIFY if hardware enable control is desired"
U8,6,+3V3,pwr,"VDD/NC tied to +3V3 (same as pin10); DS: shares H-bridge supply, caps #43/#45 serve both"
U8,7,LRA_P,,"OUT+ → LRA actuator terminal (solder direct to Vybronics VG0832022D, no connector)"
U8,8,GND,gnd,GND — ground family
U8,9,LRA_N,,"OUT- → LRA actuator terminal (solder direct, no connector)"
U8,10,+3V3,pwr,rail: #41 VDD on 3.3V not SYS
C50,1,HAP_REG,,"1uF REG cap, hot side on REG node (mandatory internal-LDO stability, place close)"
C50,2,GND,gnd,"1uF REG cap, return to GND"
C51,1,+3V3,pwr,"100nF haptic VDD HF bypass, hot side to +3V3"
C51,2,GND,gnd,"100nF haptic VDD bypass, return to GND"
C52,1,+3V3,pwr,"10uF haptic VDD bulk (sources motor/overdrive pulse), hot side to +3V3"
C52,2,GND,gnd,"10uF haptic VDD bulk, return to GND"
U9,1,I2S1_DOUT,,DIN <- T113 I2S1 DOUT (PG15). Multi-drop with PCM5102A DAC per PINOUT.md.
U9,2,SYS,pwr,"GAIN_SLOT tied directly to VDD(=SYS) => 6 dB gain (datasheet gain trip points are ratios of VDD, so must tie to amp VDD rail = SYS, not +3V3; BOM.md #49 confirms VDD tie = 6 dB)."
U9,3,GND,gnd,GND — ground family
U9,4,SPK_SD,,"~{SD_MODE} — ~SD_MODE shutdown/channel-select; joins T113 PE13 open-drain SPK_SD net and R14 strap. hi-Z=mono run, low=mute."
U9,5,,,"spare/NC (datasheet N.C., no internal connection)"
U9,6,,,"spare/NC (datasheet N.C., no internal connection)"
U9,7,SYS,pwr,rail: #47 VDD on SYS
U9,8,SYS,pwr,rail: #47 VDD on SYS
U9,9,SPK_P,,"OUTP -> speaker + terminal; filterless output, leads solder direct per BOM.md."
U9,10,SPK_N,,OUTN -> speaker - terminal; filterless output.
U9,11,GND,gnd,GND — ground family
U9,12,,,"spare/NC (datasheet N.C., no internal connection)"
U9,13,,,"spare/NC (datasheet N.C., no internal connection)"
U9,14,I2S1_LRCK,,LRCLK <- T113 I2S1 LRCK (PG12).
U9,15,GND,gnd,GND — ground family
U9,16,I2S1_BCLK,,BCLK <- T113 I2S1 BCLK (PG13). No MCLK needed.
U9,17,GND,gnd,EP — ground family
R14,1,SPK_SD,,SD/MODE strap: shares SD_MODE node with U9.4 and T113 PE13 (SPK_SD).
R14,2,+3V3,pwr,"680k pullup to +3V3 (VDDIO): datasheet Table 6 RLARGE=634k for VDDIO=3.3V selects (L/2+R/2) mono; 680k is nearest E-series. Pull rail keyed to +3V3 because RLARGE for SYS(4.2V) would be ~878k, not 680k. VERIFY rail vs schematic (both +3V3 and SYS electrically select mono, but 680k value points to +3V3)."
C53,1,SYS,pwr,VDD bypass 100nF to amp VDD rail (=SYS).
C53,2,GND,gnd,VDD bypass return.
C54,1,SYS,pwr,VDD bulk 10uF to amp VDD rail (=SYS).
C54,2,GND,gnd,VDD bulk return.
U10,1,CHG_TS,,NTC-defeat: R17 10k from TS to GND (DS: no-NTC apps tie a fixed 10k TS->VSS)
U10,2,BAT,pwr,"BAT — battery+ / power-path (pins 2,3)"
U10,3,BAT,pwr,"BAT — battery+ / power-path (pins 2,3)"
U10,4,GND,gnd,~{CE} — ~CE active-low chip-enable tied low = charger enabled (must not float)
U10,5,CHG_EN2,,EN2 -> R18 0R strap -> SYS_SRC(OUT); EN2=1/EN1=0 selects ILIM-resistor mode
U10,6,GND,gnd,EN1 low
U10,7,CHG_PGOOD,,~{PGOOD} — /PGOOD open-drain; R28 pull-up to +3V3; goes to T113 PB4
U10,8,GND,gnd,VSS — ground family
U10,9,CHG_LED_K,,"~{CHG} — /CHG open-drain, sinks charge-status LED U14 cathode"
U10,10,SYS_SRC,pwr,"charger OUT = supply/upstream side of INA226 shunt (SYS_SRC), before R27; distinct from post-shunt SYS distribution"
U10,11,SYS_SRC,pwr,"charger OUT (pins 10,11)"
U10,12,CHG_ILIM,,ILIM -> R16 1.2k -> GND (input current limit ~1.34A)
U10,13,+5V,pwr,charger IN from USB-C VBUS (+5V); C55 IN cap
U10,14,,,spare/NC: TMR left unconnected = default safety timers per DS (no timer-set R allocated in BOM). VERIFY intent (or tie to VSS to disable timers)
U10,15,,,spare/NC: ITERM left unconnected = default 10% termination per DS (no R allocated in BOM). VERIFY intent
U10,16,CHG_ISET,,ISET -> R15 2.0k -> GND (charge current ~445mA)
U10,17,GND,gnd,EP — ground family
C55,1,+5V,pwr,charger IN cap 4.7uF -> GND
C55,2,GND,gnd,
C56,1,SYS_SRC,pwr,"charger OUT cap 10uF; sits on charger-output/supply side of shunt (SYS_SRC), not post-shunt SYS"
C56,2,GND,gnd,
C57,1,BAT,pwr,"charger BAT cap 10uF -> GND, near JST CN1"
C57,2,GND,gnd,
R15,1,CHG_ISET,,ISET program R 2.0k
R15,2,GND,gnd,
R16,1,CHG_ILIM,,ILIM program R 1.2k
R16,2,GND,gnd,
R17,1,CHG_TS,,TS NTC-defeat 10k
R17,2,GND,gnd,
R18,1,CHG_EN2,,EN2 0R strap
R18,2,SYS_SRC,pwr,"strap EN2 to OUT node (SYS_SRC); SYS also acceptable (~same voltage), BOM says OUT/SYS"
U11,1,CH224K_VDD,pwr,internal shunt-reg VDD; fed via R19 1k from +5V; C58 1uF bypass
U11,2,GND,gnd,CFG2 -> GND (5V request strap)
U11,3,GND,gnd,CFG3 -> GND (5V request strap)
U11,4,,,spare/NC: DP unused — design requests fixed 5V via CC/CFG only; legacy BC1.2/QC DP-DM detection not used and USB2 data path is dedicated to T113 USB0. VERIFY no legacy-charger detect needed
U11,5,,,spare/NC: DM unused — see pin 4
U11,6,USBC_CC2,,CH224K CC2 <-> USB-C connector CC2 (no external 5.1k CC pulldowns)
U11,7,USBC_CC1,,CH224K CC1 <-> USB-C connector CC1
U11,8,VBUS_SENSE,,CH224K VBUS sense node via R21 series-R from +5V (FIX: was degenerate +5V)
U11,9,CH224K_CFG1,,CFG1 -> R20 10k -> +5V = request 5V (with CFG2/CFG3=GND)
U11,10,,,spare/NC: PG power-good open-drain; BOM says leave open (optional pull-up to +3V3 for adapter-present)
U11,11,GND,gnd,GND — ground family
R19,1,+5V,pwr,CH224K VDD series R 1k from +5V
R19,2,CH224K_VDD,pwr,
C58,1,CH224K_VDD,pwr,CH224K VDD cap 1uF -> GND
C58,2,GND,gnd,
R20,1,CH224K_CFG1,,CFG1 strap 10k
R20,2,+5V,pwr,CFG1 pulled to VBUS(+5V) = 5V request
R21,1,+5V,pwr,VBUS-sense R (to U11 pin8 which is committed +5V)
R21,2,VBUS_SENSE,,series VBUS-sense: +5V -> R21 -> VBUS_SENSE(U11.8)
U12,1,SYS,pwr,VINA — rail: #66 buck-boost in=SYS
U12,2,GND,gnd,GND — ground family
U12,3,BB_FB,,FB -> R22 0R -> +3V3 (external rail sense for fixed-output DSJ part)
U12,4,+3V3,pwr,"VOUT = 3.3V rail (pins 4,5)"
U12,5,+3V3,pwr,VOUT
U12,6,BB_L2,,"L2 switch node (pins 6,7) -> inductor L3"
U12,7,BB_L2,,L2
U12,8,BB_L1,,"L1 switch node (pins 8,9) -> inductor L3"
U12,9,BB_L1,,L1
U12,10,SYS,pwr,VIN — rail: #66 buck-boost in=SYS
U12,11,SYS,pwr,VIN — rail: #66 buck-boost in=SYS
U12,12,PWR_EN,,EN driven by STM6601 (U17) EN pin9; cross-subsystem net PWR_EN also feeds FP6161 (U2) RUN via RC R4/C2 — ensure U17/U2 owners use this exact name
U12,13,BB_PSYNC,,PS/SYNC -> R23 0R -> GND = power-save mode on
U12,14,,,spare/NC: PG power-good open-drain; BOM silent — leave NC or add pull-up to +3V3
U12,15,GND,gnd,PGND — ground family
R22,1,BB_FB,,FB tie 0R
R22,2,+3V3,pwr,
R23,1,BB_PSYNC,,PS/SYNC strap 0R
R23,2,GND,gnd,
C59,1,SYS,pwr,VINA bypass 100nF (VINA=SYS)
C59,2,GND,gnd,
C60,1,SYS,pwr,buck-boost VIN input cap 10uF (VIN=SYS)
C60,2,GND,gnd,
C61,1,SYS,pwr,buck-boost VIN input cap 10uF
C61,2,GND,gnd,
C62,1,+3V3,pwr,buck-boost VOUT output cap 22uF
C62,2,GND,gnd,
C63,1,+3V3,pwr,buck-boost VOUT output cap 22uF
C63,2,GND,gnd,
C64,1,+3V3,pwr,buck-boost VOUT output cap 22uF
C64,2,GND,gnd,
L3,1,BB_L1,,buck-boost inductor between L1 and L2 switch nodes
L3,2,BB_L2,,
CN1,1,BAT,pwr,battery + (red). POLARITY is copper-committing: confirm pin1=+ against JST S2B-PH drawing + cell (reversed = destroyed cell). Footprint pads 1/2 are the 2.0mm contacts
CN1,2,GND,gnd,battery - (black)
CN1,3,GND,gnd,"mechanical board-lock tab (footprint pad 3) -> GND for retention; isolated from contacts, NC also acceptable. VERIFY"
CN1,4,GND,gnd,mechanical board-lock tab (footprint pad 4) -> GND for retention
R24,1,BAT,pwr,fuel divider R_top 180k: BAT -> midpoint
R24,2,BAT_SENSE,,
R25,1,BAT_SENSE,,fuel divider R_bot 100k: midpoint -> GND; BAT_SENSE -> T113 GPADC0 (pin101)
R25,2,GND,gnd,
U13,1,GND,gnd,CTG -> GND per DS
U13,2,,,spare/NC: CELL is NO-CONNECT per DS (single-cell; VDD does cell-sense)
U13,3,BAT,pwr,rail: #77 VDD->battery+
U13,4,GND,gnd,GND — ground family
U13,5,GAUGE_ALRT,,~{ALRT} — ~ALRT open-drain -> T113 PB5; needs pull-up to +3V3 (NONE allocated in BOM — add one). VERIFY
U13,6,GND,gnd,QSTRT -> GND per DS
U13,7,I2C1_SCL,,SCL — I2C1 bus
U13,8,I2C1_SDA,,SDA — I2C1 bus
U13,9,GND,gnd,EP — ground family
C65,1,BAT,pwr,"MAX17048 VDD bypass 1uF (VDD=BAT), at pin3"
C65,2,GND,gnd,
U14,1,CHG_LED_K,,charge-LED cathode(-) -> BQ24074 /CHG pin9 (open-drain sink)
U14,2,CHG_LED_A,,charge-LED anode(+) -> R26 -> +3V3
R26,1,+3V3,pwr,charge-LED limit R 510R
R26,2,CHG_LED_A,,
U15,1,GND,gnd,A1 -> GND (I2C addr 0x40)
U15,2,GND,gnd,A0 -> GND (I2C addr 0x40)
U15,3,,,spare/NC: Alert unused — INA226 polled via I2C hwmon; optional pull-up + spare GPIO if interrupt wanted
U15,4,I2C1_SDA,,SDA — I2C1 bus
U15,5,I2C1_SCL,,SCL — I2C1 bus
U15,6,+3V3,pwr,VS+ — VS supply (2.7-5.5V); +3V3 to match i2c1 logic; C66 decoupling. Rail not explicit in BOM — VERIFY
U15,7,GND,gnd,GND — ground family
U15,8,SYS,pwr,VBUS — rail: #81 bus-voltage SENSE pin -> SYS (not a supply)
U15,9,SYS,pwr,VIN- — IN- = shunt LOAD side (DS pin9) = SYS distribution rail (VBUS also senses here)
U15,10,SYS_SRC,pwr,VIN+ — IN+ = shunt SUPPLY side (DS pin10) = charger-output node SYS_SRC
R27,1,SYS_SRC,pwr,"10mR Kelvin shunt, supply side (charger OUT)"
R27,2,SYS,pwr,shunt load side = SYS distribution; INA226 IN+/IN- sense across R27
C66,1,+3V3,pwr,INA226 VS decoupling 100nF
C66,2,GND,gnd,
R28,1,CHG_PGOOD,,/PGOOD pull-up 10k
R28,2,+3V3,pwr,
U16,1,EXP_INT,,~{INT} — PCA9555 ~INT open-drain -> EXP_INT (T113 PE7) + R29 pull-up to +3V3
U16,2,GND,gnd,A1 strap=0 for I2C base addr 0x20
U16,3,GND,gnd,A2 strap=0 for I2C base addr 0x20
U16,4,BTN_UP,,"P00 input; D-pad SW2 (direction label nominal, set in gpio-keys keymap)"
U16,5,BTN_DOWN,,P01 input; D-pad SW3 (label nominal)
U16,6,BTN_LEFT,,P02 input; D-pad SW4 (label nominal)
U16,7,BTN_RIGHT,,P03 input; D-pad SW5 (label nominal)
U16,8,BTN_A,,P04 input; face SW6 (A/B/X/Y label nominal)
U16,9,BTN_B,,P05 input; face SW7 (label nominal)
U16,10,BTN_X,,P06 input; face SW8 (label nominal)
U16,11,BTN_Y,,P07 input; face SW9 (label nominal)
U16,12,GND,gnd,GND — ground family
U16,13,BTN_START,,P10 input; SW10
U16,14,BTN_SELECT,,P11 input; SW11
U16,15,BTN_VOLUP,,P12 input; volume SW12
U16,16,BTN_VOLDOWN,,P13 input; volume SW13
U16,17,BTN_L1,,P14 input; L bumper SW15
U16,18,BTN_R1,,P15 input; R bumper SW16
U16,19,,,"P16 spare/NC expander input (14 buttons on 16 pins); PCA9555 POR internal ~100k pull-up holds it, leave open"
U16,20,,,"P17 spare/NC expander input; internal pull-up holds it, leave open"
U16,21,GND,gnd,A0 strap=0 for I2C base addr 0x20
U16,22,I2C1_SCL,,SCL — I2C1 bus
U16,23,I2C1_SDA,,SDA — I2C1 bus
U16,24,+3V3,pwr,VCC — rail: #85 i2c1 expander 3.3V logic
SW2,1,BTN_UP,,"[AUDIT/DS C318884] TS-1187A: {1,2}=A,B internally common = signal terminal"
SW2,2,BTN_UP,,[AUDIT/DS] pad2(B) common with pad1(A) = signal (FIX: was GND -> was shorting signal to GND)
SW2,3,GND,gnd,[AUDIT/DS] pad3(C) common with pad4(D) = GND terminal (FIX: was signal)
SW2,4,GND,gnd,"[AUDIT/DS] {3,4}=C,D internally common = GND terminal"
SW3,1,BTN_DOWN,,"[AUDIT/DS C318884] TS-1187A: {1,2}=A,B internally common = signal terminal"
SW3,2,BTN_DOWN,,[AUDIT/DS] pad2(B) common with pad1(A) = signal (FIX: was GND -> was shorting signal to GND)
SW3,3,GND,gnd,[AUDIT/DS] pad3(C) common with pad4(D) = GND terminal (FIX: was signal)
SW3,4,GND,gnd,"[AUDIT/DS] {3,4}=C,D internally common = GND terminal"
SW4,1,BTN_LEFT,,"[AUDIT/DS C318884] TS-1187A: {1,2}=A,B internally common = signal terminal"
SW4,2,BTN_LEFT,,[AUDIT/DS] pad2(B) common with pad1(A) = signal (FIX: was GND -> was shorting signal to GND)
SW4,3,GND,gnd,[AUDIT/DS] pad3(C) common with pad4(D) = GND terminal (FIX: was signal)
SW4,4,GND,gnd,"[AUDIT/DS] {3,4}=C,D internally common = GND terminal"
SW5,1,BTN_RIGHT,,"[AUDIT/DS C318884] TS-1187A: {1,2}=A,B internally common = signal terminal"
SW5,2,BTN_RIGHT,,[AUDIT/DS] pad2(B) common with pad1(A) = signal (FIX: was GND -> was shorting signal to GND)
SW5,3,GND,gnd,[AUDIT/DS] pad3(C) common with pad4(D) = GND terminal (FIX: was signal)
SW5,4,GND,gnd,"[AUDIT/DS] {3,4}=C,D internally common = GND terminal"
SW6,1,BTN_A,,"[AUDIT/DS C318884] TS-1187A: {1,2}=A,B internally common = signal terminal"
SW6,2,BTN_A,,[AUDIT/DS] pad2(B) common with pad1(A) = signal (FIX: was GND -> was shorting signal to GND)
SW6,3,GND,gnd,[AUDIT/DS] pad3(C) common with pad4(D) = GND terminal (FIX: was signal)
SW6,4,GND,gnd,"[AUDIT/DS] {3,4}=C,D internally common = GND terminal"
SW7,1,BTN_B,,"[AUDIT/DS C318884] TS-1187A: {1,2}=A,B internally common = signal terminal"
SW7,2,BTN_B,,[AUDIT/DS] pad2(B) common with pad1(A) = signal (FIX: was GND -> was shorting signal to GND)
SW7,3,GND,gnd,[AUDIT/DS] pad3(C) common with pad4(D) = GND terminal (FIX: was signal)
SW7,4,GND,gnd,"[AUDIT/DS] {3,4}=C,D internally common = GND terminal"
SW8,1,BTN_X,,"[AUDIT/DS C318884] TS-1187A: {1,2}=A,B internally common = signal terminal"
SW8,2,BTN_X,,[AUDIT/DS] pad2(B) common with pad1(A) = signal (FIX: was GND -> was shorting signal to GND)
SW8,3,GND,gnd,[AUDIT/DS] pad3(C) common with pad4(D) = GND terminal (FIX: was signal)
SW8,4,GND,gnd,"[AUDIT/DS] {3,4}=C,D internally common = GND terminal"
SW9,1,BTN_Y,,"[AUDIT/DS C318884] TS-1187A: {1,2}=A,B internally common = signal terminal"
SW9,2,BTN_Y,,[AUDIT/DS] pad2(B) common with pad1(A) = signal (FIX: was GND -> was shorting signal to GND)
SW9,3,GND,gnd,[AUDIT/DS] pad3(C) common with pad4(D) = GND terminal (FIX: was signal)
SW9,4,GND,gnd,"[AUDIT/DS] {3,4}=C,D internally common = GND terminal"
SW10,1,BTN_START,,"[AUDIT/DS C318884] TS-1187A: {1,2}=A,B internally common = signal terminal"
SW10,2,BTN_START,,[AUDIT/DS] pad2(B) common with pad1(A) = signal (FIX: was GND -> was shorting signal to GND)
SW10,3,GND,gnd,[AUDIT/DS] pad3(C) common with pad4(D) = GND terminal (FIX: was signal)
SW10,4,GND,gnd,"[AUDIT/DS] {3,4}=C,D internally common = GND terminal"
SW11,1,BTN_SELECT,,"[AUDIT/DS C318884] TS-1187A: {1,2}=A,B internally common = signal terminal"
SW11,2,BTN_SELECT,,[AUDIT/DS] pad2(B) common with pad1(A) = signal (FIX: was GND -> was shorting signal to GND)
SW11,3,GND,gnd,[AUDIT/DS] pad3(C) common with pad4(D) = GND terminal (FIX: was signal)
SW11,4,GND,gnd,"[AUDIT/DS] {3,4}=C,D internally common = GND terminal"
R29,1,EXP_INT,,10k INT pull-up: to expander ~INT / EXP_INT node
R29,2,+3V3,pwr,"10k INT pull-up: to +3V3 (expander logic rail, open-drain INT)"
C67,1,+3V3,pwr,100nF PCA9555 VCC decoupling: rail side
C67,2,GND,gnd,100nF PCA9555 VCC decoupling: GND side
SW12,1,GND,gnd,"[DS C127481] ALPS {1,3} = common terminal -> GND (confirmed)"
SW12,2,BTN_VOLUP,,"[DS C127481] ALPS SKRT: pin2 = switched pole (signal); {1,3} common. Confirmed"
SW12,3,GND,gnd,"[DS C127481] ALPS {1,3} = common terminal -> GND (confirmed)"
SW12,4,GND,gnd,mechanical mounting lug -> GND
SW12,5,GND,gnd,mechanical mounting lug -> GND
SW13,1,GND,gnd,"[DS C127481] ALPS {1,3} = common terminal -> GND (confirmed)"
SW13,2,BTN_VOLDOWN,,"[DS C127481] ALPS SKRT: pin2 = switched pole (signal); {1,3} common. Confirmed"
SW13,3,GND,gnd,"[DS C127481] ALPS {1,3} = common terminal -> GND (confirmed)"
SW13,4,GND,gnd,mounting lug -> GND
SW13,5,GND,gnd,mounting lug -> GND
SW14,1,GND,gnd,"[DS C127481] ALPS {1,3} = common terminal -> GND (confirmed)"
SW14,2,PWR_BTN,,"[DS C127481] ALPS SKRT: pin2 = switched pole (signal); {1,3} common. Confirmed"
SW14,3,GND,gnd,"[DS C127481] ALPS {1,3} = common terminal -> GND (confirmed)"
SW14,4,GND,gnd,mounting lug -> GND
SW14,5,GND,gnd,mounting lug -> GND
SW15,1,GND,gnd,"[DS C127481] ALPS {1,3} = common terminal -> GND (confirmed)"
SW15,2,BTN_L1,,"[DS C127481] ALPS SKRT: pin2 = switched pole (signal); {1,3} common. Confirmed"
SW15,3,GND,gnd,"[DS C127481] ALPS {1,3} = common terminal -> GND (confirmed)"
SW15,4,GND,gnd,mounting lug -> GND
SW15,5,GND,gnd,mounting lug -> GND
SW16,1,GND,gnd,"[DS C127481] ALPS {1,3} = common terminal -> GND (confirmed)"
SW16,2,BTN_R1,,"[DS C127481] ALPS SKRT: pin2 = switched pole (signal); {1,3} common. Confirmed"
SW16,3,GND,gnd,"[DS C127481] ALPS {1,3} = common terminal -> GND (confirmed)"
SW16,4,GND,gnd,mounting lug -> GND
SW16,5,GND,gnd,mounting lug -> GND
U17,1,SYS,pwr,rail: #94 VCC always-on SYS
U17,2,,,#SR — STM6601 /SR Smart-Reset input unused -> leave open per BOM #94. Relies on device-option internal SR pull-up; verify STM6601CA2 has it else tie to VCC(SYS)
U17,3,STM_VREF,,1.5V VREF -> CREF cap C69 to GND (mandatory even though VREF unused)
U17,4,PSHOLD,,PS_HOLD gpio-poweroff handshake -> T113 PE11 (PSHOLD)
U17,5,,,C_SRD Smart-Reset delay cap input unused -> leave open per BOM #94
U17,6,PWR_BTN,,#PB — /PB push-button input <- SW14 center + T113 PE10 (PWR_BTN). Has internal pull-up
U17,7,,,"#VCC_LO — /VCC_LO comparator output unused -> leave open per BOM #94 (open-drain, no pull-up needed)"
U17,8,PWR_BTN_3V3,,#PB_OUT — [AUDIT] /PB_OUT open-drain -> PWR_BTN_3V3 (+#117 pull-up) -> T113 PE10
U17,9,PWR_EN,,EN(#EN) — EN (active-high) -> PWR_EN master enable: TPS63021 U12.12 EN + R4.1 (RC to FP6161 CORE_RUN). Fixed seam: was CORE_RUN
U17,10,,,#RST — /RST reset output unused -> leave open per BOM #94 (open-drain)
U17,11,,,#INT — /INT interrupt output unused -> leave open per BOM #94 (open-drain)
U17,12,GND,gnd,GND — ground family
C68,1,SYS,pwr,100nF STM6601 VCC decoupling; VCC(U17 pin1)=always-on SYS
C68,2,GND,gnd,100nF STM6601 VCC decoupling: GND side
C69,1,STM_VREF,,1uF CREF on STM6601 VREF (U17 pin3)
C69,2,GND,gnd,1uF CREF: GND side
R30,1,I2C1_SCL,,I2C1 SCL pull-up (1.5k #97); joins bus SCL already assigned on peripherals
R30,2,+3V3,pwr,pull-up top to 3.3V
R31,1,I2C1_SDA,,I2C1 SDA pull-up (1.5k #97); joins bus SDA
R31,2,+3V3,pwr,pull-up top to 3.3V
D4,1,USB_DP,,"USBLC6-2SC6 I/O1 (pins 1&6 = same internal node, pass-through); DP<->I/O1 channel choice is symmetric. VERIFY pin numbering vs ST datasheet (no DS in cad/docs)"
D4,2,GND,gnd,USBLC6 GND
D4,3,USB_DM,,"USBLC6-2SC6 I/O2 (pins 3&4 = same internal node, pass-through)"
D4,4,USB_DM,,USBLC6-2SC6 I/O2 (same net as pin3)
D4,5,+5V,pwr,USBLC6 VBUS rail-clamp = USB-C VBUS (+5V)
D4,6,USB_DP,,USBLC6-2SC6 I/O1 (same net as pin1); ESD taps the DP line pass-through to T113
U18,1,+3V3,pwr,rail: BT830 note: VDD_PADS=3.3V
U18,2,GND,gnd,GND — ground family
U18,3,,,PIO2 unused -> spare/NC (datasheet recommends NC)
U18,4,UART3_CTS,,~{UART_RTS} — BT UART_RTS (output) -> T113 UART3_CTS input (crossed HW flow control)
U18,5,UART3_RX,,BT UART_TX (data out) -> T113 UART3_RX (crossed)
U18,6,UART3_RTS,,~{UART_CTS} — BT UART_CTS (input) <- T113 UART3_RTS output (crossed HW flow control)
U18,7,UART3_TX,,BT UART_RX (data in) <- T113 UART3_TX (crossed; matches dictionary example)
U18,8,BT_EN_RST,,"VREG_EN_~{RST} — VREG_EN_RST# -> GPIO PB6 (boot low, hold >5ms, then high; do NOT strap via 10k)"
U18,9,+3V3,pwr,rail: BT830 note: VREG_IN_HV=3.3V
U18,10,BT_VREG18,,"VREG_OUT_HV = internal 1.8V HV-LDO output; own node with C70 (>=1.5uF mandatory), not a supply rail"
U18,11,GND,gnd,GND — ground family
U18,12,GND,gnd,GND — ground family
U18,13,GND,gnd,GND — ground family
U18,14,GND,gnd,GND — ground family
U18,15,GND,gnd,GND — ground family
U18,16,GND,gnd,GND — ground family
U18,17,,,RF pin: BT830-SA-01 has integrated antenna -> NC. VERIFY the -SA RF pad is truly no-connect
U18,18,GND,gnd,GND — ground family
U18,19,,,"PCM_SYNC/SPI_~{CS}/PIO23 — PCM_SYNC/SPI_CS#/PIO23 unused (BT audio over HCI, not PCM) -> spare/NC, weak internal pull-down"
U18,20,,,PCM_CLK/SPI_CLK/PIO24 unused -> spare/NC
U18,21,,,PCM_IN/SPI_MOSI/PIO21 unused -> spare/NC
U18,22,,,PCM_OUT/SPI_MISO/PIO22 unused -> spare/NC
U18,23,GND,gnd,GND — ground family
U18,24,,,PIO0/32K_CLK_IN: no external 32kHz clock supplied -> spare/NC
U18,25,,,PIO1/BT_ACTIVE: Wi-Fi coexist unused (no WLAN) -> spare/NC
U18,26,,,PIO9/BT_PRIORITY: coexist unused -> spare/NC
U18,27,,,PIO4/WLAN_ACTIVE: coexist unused -> spare/NC
U18,28,GND,gnd,"SPI_~{PCM}_SEL — SPI_PCM#_SEL -> GND selects PCM/normal (prevents SPI test mode); has internal pull-down, tied low for determinism"
U18,29,,,PIO3/HOST_WAKE_UP unused (no host-wake net allocated) -> spare/NC
U18,30,GND,gnd,GND — ground family
C70,1,BT_VREG18,,4.7uF VREG_OUT_HV stability cap (BT830 pin10)
C70,2,GND,gnd,
C71,1,+3V3,pwr,100nF decoupling on VDD_PADS(1)
C71,2,GND,gnd,
C72,1,+3V3,pwr,100nF decoupling on VREG_IN_HV(9)
C72,2,GND,gnd,
C73,1,+3V3,pwr,4.7uF RF-burst bulk near VREG_IN_HV(9)
C73,2,GND,gnd,
U19,1,+3V3,pwr,CPVDD — rail: #105 3.3V
U19,2,PCM_CAPP,,charge-pump flying cap + terminal; C81 between CAPP and CAPM
U19,3,GND,gnd,CPGND charge-pump ground
U19,4,PCM_CAPM,,CAPM — charge-pump flying cap - terminal; C81 other side
U19,5,PCM_VNEG,,"VNEG — -3.3V charge-pump rail; C82 reservoir to GND (mandatory, else dead output)"
U19,6,DAC_OUTL,,OUTL — DAC left output -> R35 anti-imaging series
U19,7,DAC_OUTR,,OUTR — DAC right output -> R36 anti-imaging series
U19,8,+3V3,pwr,AVDD — rail: #105 3.3V
U19,9,GND,gnd,AGND — ground family
U19,10,GND,gnd,DEMP strap -> GND (de-emphasis off)
U19,11,GND,gnd,FLT strap -> GND (normal latency filter)
U19,12,GND,gnd,#103 SCK(12)->GND (MCLK-less internal PLL)
U19,13,DAC_BCK,,I2S BCK via series R32 from I2S1_BCLK bus
U19,14,DAC_DIN,,I2S DIN via series R34 from I2S1_DOUT bus
U19,15,DAC_LRCK,,I2S LRCK via series R33 from I2S1_LRCK bus
U19,16,GND,gnd,FMT strap -> GND (I2S format)
U19,17,DAC_XSMT,,XSMT — soft-mute GPIO (PB3); not hard-high per datasheet
U19,18,PCM_LDOO,,"LDOO — internal 1.8V logic-LDO decoupling node; C77 to GND (mandatory, do NOT drive)"
U19,19,GND,gnd,DGND — ground family
U19,20,+3V3,pwr,rail: #105 DVDD strapped 3.3V
R32,1,I2S1_BCLK,,"0R I2S1 series-R, bus side (shared w/ MAX98357A amp #47)"
R32,2,DAC_BCK,,"DAC-branch series-R, DAC pin13 side"
R33,1,I2S1_LRCK,,"0R I2S1 series-R, bus side"
R33,2,DAC_LRCK,,DAC pin15 side
R34,1,I2S1_DOUT,,"0R I2S1 series-R, bus side (T113 DOUT)"
R34,2,DAC_DIN,,DAC pin14 side
C74,1,+3V3,pwr,100nF CPVDD decoupling
C74,2,GND,gnd,
C75,1,+3V3,pwr,100nF AVDD decoupling
C75,2,GND,gnd,
C76,1,+3V3,pwr,100nF DVDD decoupling
C76,2,GND,gnd,
C77,1,PCM_LDOO,,100nF LDOO decoupling (U19 pin18); mandatory
C77,2,GND,gnd,
C78,1,+3V3,pwr,10uF CPVDD bulk
C78,2,GND,gnd,
C79,1,+3V3,pwr,10uF AVDD bulk
C79,2,GND,gnd,
C80,1,+3V3,pwr,10uF DVDD bulk
C80,2,GND,gnd,
C81,1,PCM_CAPP,,2.2uF charge-pump flying cap CAPP<->CAPM
C81,2,PCM_CAPM,,
C82,1,PCM_VNEG,,2.2uF VNEG reservoir to GND
C82,2,GND,gnd,
R35,1,DAC_OUTL,,470R anti-imaging series from OUTL
R35,2,DAC_OUTL_F,,filtered node (R+shunt-C junction) -> coupling cap C85
R36,1,DAC_OUTR,,470R anti-imaging series from OUTR
R36,2,DAC_OUTR_F,,filtered node -> coupling cap C86
C83,1,DAC_OUTL_F,,2.2nF C0G shunt to AGND after R35 (fc~154kHz)
C83,2,GND,gnd,AGND
C84,1,DAC_OUTR_F,,2.2nF C0G shunt to AGND after R36
C84,2,GND,gnd,AGND
U20,1,AMP_INL,,INL- inverting left input <- coupling cap C85
U20,2,GND,gnd,INL+ grounded (single-ended)
U20,3,GND,gnd,INR+ grounded (single-ended)
U20,4,AMP_INR,,INR- inverting right input <- coupling cap C86
U20,5,HP_R,,"OUTR -> jack ring, direct (no cap)"
U20,6,GND,gnd,G0 -> GND (-6dB gain)
U20,7,GND,gnd,G1 -> GND (-6dB gain)
U20,8,TPA_HPVSS,,charge-pump negative rail; C88 (1uF CHPVSS) to GND
U20,9,TPA_CPN,,charge-pump negative flying cap; C87 between CPP/CPN
U20,10,GND,gnd,PGND — ground family
U20,11,TPA_CPP,,CPP — charge-pump positive flying cap; C87 other side
U20,12,TPA_HPVDD,,"HPVDD — charge-pump output; C89 (2.2uF) to GND ONLY, never a supply"
U20,13,HP_EN,,"EN -> GPIO PB2 (+ R37 100k pulldown, boots off)"
U20,14,+3V3,pwr,rail: #110 VDD 3.3V
U20,15,GND,gnd,SGND — ground family
U20,16,HP_L,,"OUTL -> jack tip, direct (no cap)"
U20,17,GND,gnd,EP — ground family
C85,1,DAC_OUTL_F,,1uF input coupling (DC-block) from filtered DAC left
C85,2,AMP_INL,,-> TPA INL-
C86,1,DAC_OUTR_F,,1uF input coupling from filtered DAC right
C86,2,AMP_INR,,-> TPA INR-
C87,1,TPA_CPP,,1uF charge-pump flying cap (CFLYING) between CPP and CPN
C87,2,TPA_CPN,,
C88,1,TPA_HPVSS,,"1uF CHPVSS decoupling (HPVSS pin8, CHPVSS>=CFLYING)"
C88,2,GND,gnd,
C89,1,TPA_HPVDD,,2.2uF CHPVDD (HPVDD pin12) to GND; cap-only node
C89,2,GND,gnd,
C90,1,+3V3,pwr,2.2uF CVDD bulk on VDD(14)
C90,2,GND,gnd,
C91,1,+3V3,pwr,"100nF VDD(14) HF decoupling, close-in"
C91,2,GND,gnd,
R37,1,HP_EN,,100k EN pull-down (boots off until GPIO drives high)
R37,2,GND,gnd,
Audio1,1,GND,gnd,"[DS confirmed via CUI SJ-3524-SMT std pinout] jack sleeve -> GND (pin1=sleeve, independent contact)"
Audio1,2,HP_L,,"[DS confirmed] tip = left = TPA OUTL (pin2=tip; {2,4}=tip+tip-switch are the one NC pair)"
Audio1,3,HP_R,,"[DS confirmed] ring = right = TPA OUTR (pin3=ring, independent contact)"
Audio1,4,JACK_DET,,"[DS confirmed] pin4 = tip-switch, NC to tip(pin2=HP_L=TPA6132 OUTL) when unplugged, opens on insert -> JACK_DET PE12. CAVEAT (not purely SW): detect is normalled to the LIVE amp output, not a fixed level. If TPA6132 DirectPath OUTL is hi-Z in shutdown, a PE12 pull-up reads 'inserted' when actually unplugged. This 4-pin jack has ONLY a tip switch (no sleeve/ground-normalling contact) so detect cannot be rerouted to GND. Bench-check OUTL shutdown state on breakout, or only sample detect with amp enabled."
R38,1,BL_LED_N,,"backlight Rset 5.1R (C137955) FB(BL_LED_N)->GND, 200mV/5.1R=39mA"
R38,2,GND,gnd,
R39,1,PANEL_DISP,,[AUDIT #116] 10k DISP pull-up -> +3V3 (BOM.md line 64 requires it)
R39,2,+3V3,pwr,
R40,1,PWR_BTN_3V3,,[AUDIT #117] 10k /PB_OUT pull-up -> +3V3
R40,2,+3V3,pwr,
R41,1,I2C2_SCL,,[AUDIT #118] i2c2 SCL pull-up -> +3V3 (IMU bus had NO pull-ups -> IMU can't ACK)
R41,2,+3V3,pwr,
R42,1,I2C2_SDA,,[AUDIT #118] i2c2 SDA pull-up -> +3V3
R42,2,+3V3,pwr,
J2,1,LRA_P,,LRA + terminal (DRV2605L OUT+)
J2,2,LRA_N,,LRA - terminal (DRV2605L OUT-)
J3,1,SPK_P,,speaker + terminal (MAX98357A OUTP)
J3,2,SPK_N,,speaker - terminal (MAX98357A OUTN)
